feature_name,mapped_name
ActivityList_.MainActivity,feat_0
ActivityList_androidx.compose.ui.tooling.PreviewActivity,feat_1
ActivityList_cn.domob.android.ads.DomobActivity,feat_2
ActivityList_cn.jpush.android.ui.PopWinActivity,feat_3
ActivityList_cn.jpush.android.ui.PushActivity,feat_4
ActivityList_com.adcolony.sdk.AdColonyAdViewActivity,feat_5
ActivityList_com.adcolony.sdk.AdColonyInterstitialActivity,feat_6
ActivityList_com.alipay.sdk.app.AlipayResultActivity,feat_7
ActivityList_com.alipay.sdk.app.H5AuthActivity,feat_8
ActivityList_com.alipay.sdk.app.H5PayActivity,feat_9
ActivityList_com.alipay.sdk.app.PayResultActivity,feat_10
ActivityList_com.alipay.sdk.auth.AuthActivity,feat_11
ActivityList_com.amazon.device.ads.AdActivity,feat_12
ActivityList_com.android.billingclient.api.ProxyBillingActivity,feat_13
ActivityList_com.android.billingclient.api.ProxyBillingActivityV2,feat_14
ActivityList_com.applovin.adview.AppLovinConfirmationActivity,feat_15
ActivityList_com.applovin.adview.AppLovinFullscreenActivity,feat_16
ActivityList_com.applovin.adview.AppLovinInterstitialActivity,feat_17
ActivityList_com.applovin.creative.MaxCreativeDebuggerActivity,feat_18
ActivityList_com.applovin.creative.MaxCreativeDebuggerDisplayedAdActivity,feat_19
ActivityList_com.applovin.mediation.MaxDebuggerActivity,feat_20
ActivityList_com.applovin.mediation.MaxDebuggerAdUnitDetailActivity,feat_21
ActivityList_com.applovin.mediation.MaxDebuggerAdUnitWaterfallsListActivity,feat_22
ActivityList_com.applovin.mediation.MaxDebuggerAdUnitsListActivity,feat_23
ActivityList_com.applovin.mediation.MaxDebuggerDetailActivity,feat_24
ActivityList_com.applovin.mediation.MaxDebuggerMultiAdActivity,feat_25
ActivityList_com.applovin.mediation.MaxDebuggerTcfInfoListActivity,feat_26
ActivityList_com.applovin.mediation.MaxDebuggerTcfStringActivity,feat_27
ActivityList_com.applovin.mediation.MaxDebuggerTestLiveNetworkActivity,feat_28
ActivityList_com.applovin.mediation.MaxDebuggerTestModeNetworkActivity,feat_29
ActivityList_com.applovin.mediation.hybridAds.MaxHybridMRecAdActivity,feat_30
ActivityList_com.applovin.mediation.hybridAds.MaxHybridNativeAdActivity,feat_31
ActivityList_com.applovin.sdk.AppLovinWebViewActivity,feat_32
ActivityList_com.baidu.mobads.AppActivity,feat_33
ActivityList_com.bytedance.sdk.openadsdk.activity.TTAppOpenAdActivity,feat_34
ActivityList_com.bytedance.sdk.openadsdk.activity.TTDelegateActivity,feat_35
ActivityList_com.bytedance.sdk.openadsdk.activity.TTFullScreenExpressVideoActivity,feat_36
ActivityList_com.bytedance.sdk.openadsdk.activity.TTFullScreenVideoActivity,feat_37
ActivityList_com.bytedance.sdk.openadsdk.activity.TTInterstitialActivity,feat_38
ActivityList_com.bytedance.sdk.openadsdk.activity.TTInterstitialExpressActivity,feat_39
ActivityList_com.bytedance.sdk.openadsdk.activity.TTLandingPageActivity,feat_40
ActivityList_com.bytedance.sdk.openadsdk.activity.TTPlayableLandingPageActivity,feat_41
ActivityList_com.bytedance.sdk.openadsdk.activity.TTRewardExpressVideoActivity,feat_42
ActivityList_com.bytedance.sdk.openadsdk.activity.TTRewardVideoActivity,feat_43
ActivityList_com.bytedance.sdk.openadsdk.activity.TTVideoLandingPageActivity,feat_44
ActivityList_com.bytedance.sdk.openadsdk.activity.TTVideoLandingPageLink2Activity,feat_45
ActivityList_com.bytedance.sdk.openadsdk.activity.TTWebsiteActivity,feat_46
ActivityList_com.chartboost.sdk.CBImpressionActivity,feat_47
ActivityList_com.facebook.CustomTabActivity,feat_48
ActivityList_com.facebook.CustomTabMainActivity,feat_49
ActivityList_com.facebook.FacebookActivity,feat_50
ActivityList_com.facebook.LoginActivity,feat_51
ActivityList_com.facebook.ads.AudienceNetworkActivity,feat_52
ActivityList_com.facebook.ads.InterstitialAdActivity,feat_53
ActivityList_com.facebook.react.devsupport.DevSettingsActivity,feat_54
ActivityList_com.facebook.unity.FBUnityAppLinkActivity,feat_55
ActivityList_com.facebook.unity.FBUnityCreateGameGroupActivity,feat_56
ActivityList_com.facebook.unity.FBUnityDeepLinkingActivity,feat_57
ActivityList_com.facebook.unity.FBUnityDialogsActivity,feat_58
ActivityList_com.facebook.unity.FBUnityGameRequestActivity,feat_59
ActivityList_com.facebook.unity.FBUnityJoinGameGroupActivity,feat_60
ActivityList_com.facebook.unity.FBUnityLoginActivity,feat_61
ActivityList_com.fyber.inneractive.sdk.activities.InneractiveFullscreenAdActivity,feat_62
ActivityList_com.fyber.inneractive.sdk.activities.InneractiveInternalBrowserActivity,feat_63
ActivityList_com.fyber.inneractive.sdk.activities.InneractiveRichMediaVideoPlayerActivityCore,feat_64
ActivityList_com.google.ads.AdActivity,feat_65
ActivityList_com.google.android.gms.ads.AdActivity,feat_66
ActivityList_com.google.android.gms.ads.NotificationHandlerActivity,feat_67
ActivityList_com.google.android.gms.ads.OutOfContextTestingActivity,feat_68
ActivityList_com.google.android.gms.ads.purchase.InAppPurchaseActivity,feat_69
ActivityList_com.google.android.gms.appinvite.PreviewActivity,feat_70
ActivityList_com.google.android.gms.auth.api.signin.internal.SignInHubActivity,feat_71
ActivityList_com.google.android.gms.common.api.GoogleApiActivity,feat_72
ActivityList_com.google.android.gms.tagmanager.TagManagerPreviewActivity,feat_73
ActivityList_com.google.android.libraries.places.widget.AutocompleteActivity,feat_74
ActivityList_com.google.android.play.core.common.PlayCoreDialogWrapperActivity,feat_75
ActivityList_com.google.android.play.core.missingsplits.PlayCoreMissingSplitsActivity,feat_76
ActivityList_com.google.firebase.auth.internal.FederatedSignInActivity,feat_77
ActivityList_com.google.firebase.auth.internal.GenericIdpActivity,feat_78
ActivityList_com.google.firebase.auth.internal.RecaptchaActivity,feat_79
ActivityList_com.google.games.bridge.NativeBridgeActivity,feat_80
ActivityList_com.google.zxing.client.android.CaptureActivity,feat_81
ActivityList_com.huawei.hms.activity.BridgeActivity,feat_82
ActivityList_com.huawei.hms.activity.EnableServiceActivity,feat_83
ActivityList_com.huawei.updatesdk.service.otaupdate.AppUpdateActivity,feat_84
ActivityList_com.huawei.updatesdk.support.pm.PackageInstallerActivity,feat_85
ActivityList_com.igexin.sdk.GActivity,feat_86
ActivityList_com.igexin.sdk.PushActivity,feat_87
ActivityList_com.inmobi.ads.rendering.InMobiAdActivity,feat_88
ActivityList_com.inmobi.rendering.InMobiAdActivity,feat_89
ActivityList_com.ironsource.mediationsdk.testSuite.TestSuiteActivity,feat_90
ActivityList_com.ironsource.sdk.controller.ControllerActivity,feat_91
ActivityList_com.ironsource.sdk.controller.InterstitialActivity,feat_92
ActivityList_com.ironsource.sdk.controller.OpenUrlActivity,feat_93
ActivityList_com.jirbo.adcolony.AdColonyBrowser,feat_94
ActivityList_com.jirbo.adcolony.AdColonyFullscreen,feat_95
ActivityList_com.jirbo.adcolony.AdColonyOverlay,feat_96
ActivityList_com.journeyapps.barcodescanner.CaptureActivity,feat_97
ActivityList_com.karumi.dexter.DexterActivity,feat_98
ActivityList_com.mbridge.msdk.activity.MBCommonActivity,feat_99
ActivityList_com.mbridge.msdk.out.LoadingActivity,feat_100
ActivityList_com.mbridge.msdk.reward.player.MBRewardVideoActivity,feat_101
ActivityList_com.millennialmedia.android.VideoPlayer,feat_102
ActivityList_com.mob.tools.MobUIShell,feat_103
ActivityList_com.mopub.common.MoPubBrowser,feat_104
ActivityList_com.mopub.mobileads.MoPubActivity,feat_105
ActivityList_com.mopub.mobileads.MraidActivity,feat_106
ActivityList_com.mopub.mobileads.MraidVideoPlayerActivity,feat_107
ActivityList_com.onesignal.NotificationOpenedActivityHMS,feat_108
ActivityList_com.onesignal.NotificationOpenedReceiver,feat_109
ActivityList_com.onesignal.NotificationOpenedReceiverAndroid22AndOlder,feat_110
ActivityList_com.onesignal.PermissionsActivity,feat_111
ActivityList_com.qq.e.ads.ADActivity,feat_112
ActivityList_com.qq.e.ads.LandscapeADActivity,feat_113
ActivityList_com.qq.e.ads.PortraitADActivity,feat_114
ActivityList_com.sina.weibo.sdk.component.WeiboSdkBrowser,feat_115
ActivityList_com.sina.weibo.sdk.share.WbShareTransActivity,feat_116
ActivityList_com.sina.weibo.sdk.web.WeiboSdkWebActivity,feat_117
ActivityList_com.ss.android.downloadlib.activity.TTDelegateActivity,feat_118
ActivityList_com.ss.android.socialbase.appdownloader.view.DownloadTaskDeleteActivity,feat_119
ActivityList_com.startapp.android.publish.FullScreenActivity,feat_120
ActivityList_com.startapp.android.publish.OverlayActivity,feat_121
ActivityList_com.startapp.android.publish.list3d.List3DActivity,feat_122
ActivityList_com.stripe.android.view.PaymentFlowActivity,feat_123
ActivityList_com.stripe.android.view.PaymentMethodsActivity,feat_124
ActivityList_com.tapjoy.TJAdUnitActivity,feat_125
ActivityList_com.tapjoy.TJContentActivity,feat_126
ActivityList_com.tapjoy.mraid.view.ActionHandler,feat_127
ActivityList_com.tapjoy.mraid.view.Browser,feat_128
ActivityList_com.tencent.bugly.beta.ui.BetaActivity,feat_129
ActivityList_com.tencent.connect.common.AssistActivity,feat_130
ActivityList_com.tencent.tauth.AuthActivity,feat_131
ActivityList_com.theartofdev.edmodo.cropper.CropImageActivity,feat_132
ActivityList_com.twitter.sdk.android.core.identity.OAuthActivity,feat_133
ActivityList_com.umeng.socialize.media.WBShareCallBackActivity,feat_134
ActivityList_com.unionpay.uppay.PayActivity,feat_135
ActivityList_com.unity3d.ads.adunit.AdUnitActivity,feat_136
ActivityList_com.unity3d.ads.adunit.AdUnitSoftwareActivity,feat_137
ActivityList_com.unity3d.player.UnityPlayerActivity,feat_138
ActivityList_com.unity3d.player.UnityPlayerNativeActivity,feat_139
ActivityList_com.unity3d.player.UnityPlayerProxyActivity,feat_140
ActivityList_com.unity3d.player.VideoPlayer,feat_141
ActivityList_com.unity3d.services.ads.adunit.AdUnitActivity,feat_142
ActivityList_com.unity3d.services.ads.adunit.AdUnitSoftwareActivity,feat_143
ActivityList_com.unity3d.services.ads.adunit.AdUnitTransparentActivity,feat_144
ActivityList_com.unity3d.services.ads.adunit.AdUnitTransparentSoftwareActivity,feat_145
ActivityList_com.vivo.push.sdk.LinkProxyClientActivity,feat_146
ActivityList_com.vungle.warren.ui.VungleActivity,feat_147
ActivityList_com.yalantis.ucrop.UCropActivity,feat_148
ActivityList_io.card.payment.CardIOActivity,feat_149
ActivityList_io.card.payment.DataEntryActivity,feat_150
ActivityList_io.flutter.plugins.urllauncher.WebViewActivity,feat_151
ActivityList_net.sourceforge.zbar.android.ZBarScanner,feat_152
ActivityList_pub.devrel.easypermissions.AppSettingsDialogHolderActivity,feat_153
BroadcastReceiverList_androidx.profileinstaller.ProfileInstallReceiver,feat_154
BroadcastReceiverList_androidx.work.impl.background.systemalarm.ConstraintProxy$BatteryChargingProxy,feat_155
BroadcastReceiverList_androidx.work.impl.background.systemalarm.ConstraintProxy$BatteryNotLowProxy,feat_156
BroadcastReceiverList_androidx.work.impl.background.systemalarm.ConstraintProxy$NetworkStateProxy,feat_157
BroadcastReceiverList_androidx.work.impl.background.systemalarm.ConstraintProxy$StorageNotLowProxy,feat_158
BroadcastReceiverList_androidx.work.impl.background.systemalarm.ConstraintProxyUpdateReceiver,feat_159
BroadcastReceiverList_androidx.work.impl.background.systemalarm.RescheduleReceiver,feat_160
BroadcastReceiverList_androidx.work.impl.diagnostics.DiagnosticsReceiver,feat_161
BroadcastReceiverList_androidx.work.impl.utils.ForceStopRunnable$BroadcastReceiver,feat_162
BroadcastReceiverList_cn.jpush.android.service.AlarmReceiver,feat_163
BroadcastReceiverList_cn.jpush.android.service.PushReceiver,feat_164
BroadcastReceiverList_com.adjust.sdk.AdjustReferrerReceiver,feat_165
BroadcastReceiverList_com.appsflyer.MultipleInstallBroadcastReceiver,feat_166
BroadcastReceiverList_com.facebook.AuthenticationTokenManager$CurrentAuthenticationTokenChangedBroadcastReceiver,feat_167
BroadcastReceiverList_com.facebook.CurrentAccessTokenExpirationBroadcastReceiver,feat_168
BroadcastReceiverList_com.google.android.datatransport.runtime.scheduling.jobscheduling.AlarmManagerSchedulerBroadcastReceiver,feat_169
BroadcastReceiverList_com.google.android.gcm.GCMBroadcastReceiver,feat_170
BroadcastReceiverList_com.google.android.gms.analytics.AnalyticsReceiver,feat_171
BroadcastReceiverList_com.google.android.gms.analytics.CampaignTrackingReceiver,feat_172
BroadcastReceiverList_com.google.android.gms.cast.framework.media.MediaIntentReceiver,feat_173
BroadcastReceiverList_com.google.android.gms.gcm.GcmReceiver,feat_174
BroadcastReceiverList_com.google.android.gms.measurement.AppMeasurementInstallReferrerReceiver,feat_175
BroadcastReceiverList_com.google.android.gms.measurement.AppMeasurementReceiver,feat_176
BroadcastReceiverList_com.google.firebase.iid.FirebaseInstanceIdInternalReceiver,feat_177
BroadcastReceiverList_com.google.firebase.iid.FirebaseInstanceIdReceiver,feat_178
BroadcastReceiverList_com.igexin.sdk.PushReceiver,feat_179
BroadcastReceiverList_com.onesignal.BootUpReceiver,feat_180
BroadcastReceiverList_com.onesignal.FCMBroadcastReceiver,feat_181
BroadcastReceiverList_com.onesignal.GcmBroadcastReceiver,feat_182
BroadcastReceiverList_com.onesignal.NotificationDismissReceiver,feat_183
BroadcastReceiverList_com.onesignal.NotificationOpenedReceiver,feat_184
BroadcastReceiverList_com.onesignal.UpgradeReceiver,feat_185
BroadcastReceiverList_com.ss.android.downloadlib.core.download.DownloadReceiver,feat_186
BroadcastReceiverList_com.taobao.accs.EventReceiver,feat_187
BroadcastReceiverList_com.taobao.accs.ServiceReceiver,feat_188
BroadcastReceiverList_com.taobao.agoo.AgooCommondReceiver,feat_189
BroadcastReceiverList_com.umeng.message.NotificationProxyBroadcastReceiver,feat_190
BroadcastReceiverList_com.xiaomi.push.service.receivers.NetworkStatusReceiver,feat_191
BroadcastReceiverList_com.xiaomi.push.service.receivers.PingReceiver,feat_192
BroadcastReceiverList_io.flutter.plugins.firebase.messaging.FlutterFirebaseMessagingReceiver,feat_193
BroadcastReceiverList_io.invertase.firebase.messaging.ReactNativeFirebaseMessagingReceiver,feat_194
HardwareComponentsList_android.hardware.bluetooth,feat_195
HardwareComponentsList_android.hardware.bluetooth_le,feat_196
HardwareComponentsList_android.hardware.camera,feat_197
HardwareComponentsList_android.hardware.camera.autofocus,feat_198
HardwareComponentsList_android.hardware.camera.flash,feat_199
HardwareComponentsList_android.hardware.camera.front,feat_200
HardwareComponentsList_android.hardware.location,feat_201
HardwareComponentsList_android.hardware.location.gps,feat_202
HardwareComponentsList_android.hardware.location.network,feat_203
HardwareComponentsList_android.hardware.microphone,feat_204
HardwareComponentsList_android.hardware.screen.landscape,feat_205
HardwareComponentsList_android.hardware.screen.portrait,feat_206
HardwareComponentsList_android.hardware.sensor.accelerometer,feat_207
HardwareComponentsList_android.hardware.telephony,feat_208
HardwareComponentsList_android.hardware.touchscreen,feat_209
HardwareComponentsList_android.hardware.touchscreen.multitouch,feat_210
HardwareComponentsList_android.hardware.touchscreen.multitouch.distinct,feat_211
HardwareComponentsList_android.hardware.vulkan.version,feat_212
HardwareComponentsList_android.hardware.wifi,feat_213
HardwareComponentsList_android.software.live_wallpaper,feat_214
IntentFilterList_android.accounts.AccountAuthenticator,feat_215
IntentFilterList_android.appwidget.action.APPWIDGET_CONFIGURE,feat_216
IntentFilterList_android.appwidget.action.APPWIDGET_UPDATE,feat_217
IntentFilterList_android.bluetooth.adapter.action.STATE_CHANGED,feat_218
IntentFilterList_android.intent.action.ACTION_POWER_CONNECTED,feat_219
IntentFilterList_android.intent.action.ACTION_POWER_DISCONNECTED,feat_220
IntentFilterList_android.intent.action.BATTERY_LOW,feat_221
IntentFilterList_android.intent.action.BATTERY_OKAY,feat_222
IntentFilterList_android.intent.action.BOOT_COMPLETED,feat_223
IntentFilterList_android.intent.action.CREATE_SHORTCUT,feat_224
IntentFilterList_android.intent.action.DEVICE_STORAGE_LOW,feat_225
IntentFilterList_android.intent.action.DEVICE_STORAGE_OK,feat_226
IntentFilterList_android.intent.action.DOWNLOAD_COMPLETE,feat_227
IntentFilterList_android.intent.action.LOCALE_CHANGED,feat_228
IntentFilterList_android.intent.action.MEDIA_BUTTON,feat_229
IntentFilterList_android.intent.action.MEDIA_MOUNTED,feat_230
IntentFilterList_android.intent.action.MY_PACKAGE_REPLACED,feat_231
IntentFilterList_android.intent.action.NEW_OUTGOING_CALL,feat_232
IntentFilterList_android.intent.action.PACKAGE_ADDED,feat_233
IntentFilterList_android.intent.action.PACKAGE_REMOVED,feat_234
IntentFilterList_android.intent.action.PACKAGE_REPLACED,feat_235
IntentFilterList_android.intent.action.PHONE_STATE,feat_236
IntentFilterList_android.intent.action.QUICKBOOT_POWERON,feat_237
IntentFilterList_android.intent.action.SEARCH,feat_238
IntentFilterList_android.intent.action.SEND,feat_239
IntentFilterList_android.intent.action.SEND_MULTIPLE,feat_240
IntentFilterList_android.intent.action.TIMEZONE_CHANGED,feat_241
IntentFilterList_android.intent.action.TIME_SET,feat_242
IntentFilterList_android.intent.action.USER_PRESENT,feat_243
IntentFilterList_android.intent.action.VIEW,feat_244
IntentFilterList_android.location.PROVIDERS_CHANGED,feat_245
IntentFilterList_android.media.AUDIO_BECOMING_NOISY,feat_246
IntentFilterList_android.media.browse.MediaBrowserService,feat_247
IntentFilterList_android.net.conn.CONNECTIVITY_CHANGE,feat_248
IntentFilterList_android.net.wifi.STATE_CHANGE,feat_249
IntentFilterList_android.net.wifi.WIFI_STATE_CHANGED,feat_250
IntentFilterList_android.provider.Telephony.SMS_RECEIVED,feat_251
IntentFilterList_android.service.wallpaper.WallpaperService,feat_252
IntentFilterList_androidx.profileinstaller.action.BENCHMARK_OPERATION,feat_253
IntentFilterList_androidx.profileinstaller.action.INSTALL_PROFILE,feat_254
IntentFilterList_androidx.profileinstaller.action.SAVE_PROFILE,feat_255
IntentFilterList_androidx.profileinstaller.action.SKIP_FILE,feat_256
IntentFilterList_androidx.work.diagnostics.REQUEST_DIAGNOSTICS,feat_257
IntentFilterList_androidx.work.impl.background.systemalarm.UpdateProxies,feat_258
IntentFilterList_broadcast.route.control,feat_259
IntentFilterList_cn.jpush.android.intent.ACTION_RICHPUSH_CALLBACK,feat_260
IntentFilterList_cn.jpush.android.intent.CONNECTION,feat_261
IntentFilterList_cn.jpush.android.intent.DaemonService,feat_262
IntentFilterList_cn.jpush.android.intent.MESSAGE_RECEIVED,feat_263
IntentFilterList_cn.jpush.android.intent.NOTIFICATION_OPENED,feat_264
IntentFilterList_cn.jpush.android.intent.NOTIFICATION_RECEIVED,feat_265
IntentFilterList_cn.jpush.android.intent.NOTIFICATION_RECEIVED_PROXY,feat_266
IntentFilterList_cn.jpush.android.intent.PUSH_TIME,feat_267
IntentFilterList_cn.jpush.android.intent.PushService,feat_268
IntentFilterList_cn.jpush.android.intent.RECEIVE_MESSAGE,feat_269
IntentFilterList_cn.jpush.android.intent.REGISTER,feat_270
IntentFilterList_cn.jpush.android.intent.REGISTRATION,feat_271
IntentFilterList_cn.jpush.android.intent.REPORT,feat_272
IntentFilterList_cn.jpush.android.ui.PushActivity,feat_273
IntentFilterList_com.amazon.inapp.purchasing.NOTIFY,feat_274
IntentFilterList_com.android.vending.INSTALL_REFERRER,feat_275
IntentFilterList_com.android.vending.billing.IN_APP_NOTIFY,feat_276
IntentFilterList_com.android.vending.billing.PURCHASE_STATE_CHANGED,feat_277
IntentFilterList_com.android.vending.billing.RESPONSE_CODE,feat_278
IntentFilterList_com.coloros.mcs.action.RECEIVE_MCS_MESSAGE,feat_279
IntentFilterList_com.facebook.sdk.ACTION_CURRENT_ACCESS_TOKEN_CHANGED,feat_280
IntentFilterList_com.facebook.sdk.ACTION_CURRENT_AUTHENTICATION_TOKEN_CHANGED,feat_281
IntentFilterList_com.google.android.c2dm.intent.RECEIVE,feat_282
IntentFilterList_com.google.android.c2dm.intent.REGISTRATION,feat_283
IntentFilterList_com.google.android.gms.analytics.ANALYTICS_DISPATCH,feat_284
IntentFilterList_com.google.android.gms.appinvite.ACTION_PREVIEW,feat_285
IntentFilterList_com.google.android.gms.gcm.ACTION_TASK_READY,feat_286
IntentFilterList_com.google.android.gms.iid.InstanceID,feat_287
IntentFilterList_com.google.android.gms.measurement.UPLOAD,feat_288
IntentFilterList_com.google.firebase.INSTANCE_ID_EVENT,feat_289
IntentFilterList_com.google.firebase.MESSAGING_EVENT,feat_290
IntentFilterList_com.google.zxing.client.android.SCAN.DISABLED,feat_291
IntentFilterList_com.htc.intent.action.QUICKBOOT_POWERON,feat_292
IntentFilterList_com.huawei.android.push.intent.CLICK,feat_293
IntentFilterList_com.huawei.android.push.intent.RECEIVE,feat_294
IntentFilterList_com.huawei.android.push.intent.REGISTRATION,feat_295
IntentFilterList_com.huawei.intent.action.PUSH,feat_296
IntentFilterList_com.huawei.intent.action.PUSH_DELAY_NOTIFY,feat_297
IntentFilterList_com.huawei.intent.action.PUSH_STATE,feat_298
IntentFilterList_com.huawei.push.action.MESSAGING_EVENT,feat_299
IntentFilterList_com.huawei.push.msg.NOTIFY_MSG,feat_300
IntentFilterList_com.huawei.push.msg.PASSBY_MSG,feat_301
IntentFilterList_com.igexin.sdk.action.refreshls,feat_302
IntentFilterList_com.meizu.c2dm.intent.RECEIVE,feat_303
IntentFilterList_com.meizu.c2dm.intent.REGISTRATION,feat_304
IntentFilterList_com.meizu.flyme.push.intent.MESSAGE,feat_305
IntentFilterList_com.meizu.flyme.push.intent.REGISTER.FEEDBACK,feat_306
IntentFilterList_com.meizu.flyme.push.intent.UNREGISTER.FEEDBACK,feat_307
IntentFilterList_com.sina.weibo.sdk.action.ACTION_SDK_REQ_ACTIVITY,feat_308
IntentFilterList_com.ss.android.socialbase.downloader.remote,feat_309
IntentFilterList_com.taobao.accs.intent.action.COMMAND,feat_310
IntentFilterList_com.taobao.accs.intent.action.ELECTION,feat_311
IntentFilterList_com.taobao.accs.intent.action.RECEIVE,feat_312
IntentFilterList_com.taobao.accs.intent.action.SERVICE,feat_313
IntentFilterList_com.taobao.accs.intent.action.START_FROM_AGOO,feat_314
IntentFilterList_com.tencent.mm.plugin.openapi.Intent.ACTION_REFRESH_WXAPP,feat_315
IntentFilterList_com.umeng.message.disablecallback.action,feat_316
IntentFilterList_com.umeng.message.enablecallback.action,feat_317
IntentFilterList_com.umeng.message.message.handler.action,feat_318
IntentFilterList_com.umeng.messge.registercallback.action,feat_319
IntentFilterList_com.vivo.pushclient.action.RECEIVE,feat_320
IntentFilterList_com.xiaomi.mipush.ERROR,feat_321
IntentFilterList_com.xiaomi.mipush.MESSAGE_ARRIVED,feat_322
IntentFilterList_com.xiaomi.mipush.RECEIVE_MESSAGE,feat_323
IntentFilterList_com.xiaomi.push.PING_TIMER,feat_324
IntentFilterList_com.yandex.metrica.IMetricaService,feat_325
IntentFilterList_org.agoo.android.intent.action.RECEIVE,feat_326
IntentFilterList_org.android.agoo.client.MessageReceiverService,feat_327
RequestedPermissionList_android.permission.ACCESS_ADSERVICES_AD_ID,feat_328
RequestedPermissionList_android.permission.ACCESS_ADSERVICES_ATTRIBUTION,feat_329
RequestedPermissionList_android.permission.ACCESS_ADSERVICES_TOPICS,feat_330
RequestedPermissionList_android.permission.ACCESS_BACKGROUND_LOCATION,feat_331
RequestedPermissionList_android.permission.ACCESS_COARSE_LOCATION,feat_332
RequestedPermissionList_android.permission.ACCESS_COARSE_UPDATES,feat_333
RequestedPermissionList_android.permission.ACCESS_DOWNLOAD_MANAGER,feat_334
RequestedPermissionList_android.permission.ACCESS_FINE_LOCATION,feat_335
RequestedPermissionList_android.permission.ACCESS_GPS,feat_336
RequestedPermissionList_android.permission.ACCESS_LOCATION_EXTRA_COMMANDS,feat_337
RequestedPermissionList_android.permission.ACCESS_MOCK_LOCATION,feat_338
RequestedPermissionList_android.permission.ACCESS_NETWORK_STATE,feat_339
RequestedPermissionList_android.permission.ACCESS_NOTIFICATION_POLICY,feat_340
RequestedPermissionList_android.permission.ACCESS_WIFI_STATE,feat_341
RequestedPermissionList_android.permission.AUTHENTICATE_ACCOUNTS,feat_342
RequestedPermissionList_android.permission.BATTERY_STATS,feat_343
RequestedPermissionList_android.permission.BLUETOOTH,feat_344
RequestedPermissionList_android.permission.BLUETOOTH_ADMIN,feat_345
RequestedPermissionList_android.permission.BLUETOOTH_CONNECT,feat_346
RequestedPermissionList_android.permission.BLUETOOTH_SCAN,feat_347
RequestedPermissionList_android.permission.BROADCAST_PACKAGE_ADDED,feat_348
RequestedPermissionList_android.permission.BROADCAST_PACKAGE_CHANGED,feat_349
RequestedPermissionList_android.permission.BROADCAST_PACKAGE_INSTALL,feat_350
RequestedPermissionList_android.permission.BROADCAST_PACKAGE_REPLACED,feat_351
RequestedPermissionList_android.permission.BROADCAST_STICKY,feat_352
RequestedPermissionList_android.permission.CALL_PHONE,feat_353
RequestedPermissionList_android.permission.CAMERA,feat_354
RequestedPermissionList_android.permission.CHANGE_CONFIGURATION,feat_355
RequestedPermissionList_android.permission.CHANGE_NETWORK_STATE,feat_356
RequestedPermissionList_android.permission.CHANGE_WIFI_MULTICAST_STATE,feat_357
RequestedPermissionList_android.permission.CHANGE_WIFI_STATE,feat_358
RequestedPermissionList_android.permission.DISABLE_KEYGUARD,feat_359
RequestedPermissionList_android.permission.DOWNLOAD_WITHOUT_NOTIFICATION,feat_360
RequestedPermissionList_android.permission.EXPAND_STATUS_BAR,feat_361
RequestedPermissionList_android.permission.FLASHLIGHT,feat_362
RequestedPermissionList_android.permission.FOREGROUND_SERVICE,feat_363
RequestedPermissionList_android.permission.GET_ACCOUNTS,feat_364
RequestedPermissionList_android.permission.GET_PACKAGE_SIZE,feat_365
RequestedPermissionList_android.permission.GET_TASKS,feat_366
RequestedPermissionList_android.permission.INSTALL_PACKAGES,feat_367
RequestedPermissionList_android.permission.INTERACT_ACROSS_USERS_FULL,feat_368
RequestedPermissionList_android.permission.INTERNET,feat_369
RequestedPermissionList_android.permission.KILL_BACKGROUND_PROCESSES,feat_370
RequestedPermissionList_android.permission.MANAGE_ACCOUNTS,feat_371
RequestedPermissionList_android.permission.MODIFY_AUDIO_SETTINGS,feat_372
RequestedPermissionList_android.permission.MOUNT_UNMOUNT_FILESYSTEMS,feat_373
RequestedPermissionList_android.permission.NFC,feat_374
RequestedPermissionList_android.permission.PACKAGE_USAGE_STATS,feat_375
RequestedPermissionList_android.permission.POST_NOTIFICATIONS,feat_376
RequestedPermissionList_android.permission.PROCESS_OUTGOING_CALLS,feat_377
RequestedPermissionList_android.permission.QUERY_ALL_PACKAGES,feat_378
RequestedPermissionList_android.permission.READ_APP_BADGE,feat_379
RequestedPermissionList_android.permission.READ_CALENDAR,feat_380
RequestedPermissionList_android.permission.READ_CALL_LOG,feat_381
RequestedPermissionList_android.permission.READ_CONTACTS,feat_382
RequestedPermissionList_android.permission.READ_EXTERNAL_STORAGE,feat_383
RequestedPermissionList_android.permission.READ_LOGS,feat_384
RequestedPermissionList_android.permission.READ_MEDIA_AUDIO,feat_385
RequestedPermissionList_android.permission.READ_MEDIA_IMAGES,feat_386
RequestedPermissionList_android.permission.READ_MEDIA_VIDEO,feat_387
RequestedPermissionList_android.permission.READ_PHONE_STATE,feat_388
RequestedPermissionList_android.permission.READ_PROFILE,feat_389
RequestedPermissionList_android.permission.READ_SETTINGS,feat_390
RequestedPermissionList_android.permission.READ_SMS,feat_391
RequestedPermissionList_android.permission.READ_SYNC_SETTINGS,feat_392
RequestedPermissionList_android.permission.RECEIVE_BOOT_COMPLETED,feat_393
RequestedPermissionList_android.permission.RECEIVE_SMS,feat_394
RequestedPermissionList_android.permission.RECEIVE_USER_PRESENT,feat_395
RequestedPermissionList_android.permission.RECORD_AUDIO,feat_396
RequestedPermissionList_android.permission.RECORD_VIDEO,feat_397
RequestedPermissionList_android.permission.REORDER_TASKS,feat_398
RequestedPermissionList_android.permission.REQUEST_IGNORE_BATTERY_OPTIMIZATIONS,feat_399
RequestedPermissionList_android.permission.REQUEST_INSTALL_PACKAGES,feat_400
RequestedPermissionList_android.permission.RESTART_PACKAGES,feat_401
RequestedPermissionList_android.permission.SCHEDULE_EXACT_ALARM,feat_402
RequestedPermissionList_android.permission.SEND_SMS,feat_403
RequestedPermissionList_android.permission.SET_DEBUG_APP,feat_404
RequestedPermissionList_android.permission.SET_WALLPAPER,feat_405
RequestedPermissionList_android.permission.SET_WALLPAPER_HINTS,feat_406
RequestedPermissionList_android.permission.SYSTEM_ALERT_WINDOW,feat_407
RequestedPermissionList_android.permission.SYSTEM_OVERLAY_WINDOW,feat_408
RequestedPermissionList_android.permission.USE_BIOMETRIC,feat_409
RequestedPermissionList_android.permission.USE_CREDENTIALS,feat_410
RequestedPermissionList_android.permission.USE_FINGERPRINT,feat_411
RequestedPermissionList_android.permission.USE_FULL_SCREEN_INTENT,feat_412
RequestedPermissionList_android.permission.VIBRATE,feat_413
RequestedPermissionList_android.permission.WAKE_LOCK,feat_414
RequestedPermissionList_android.permission.WRITE_APN_SETTINGS,feat_415
RequestedPermissionList_android.permission.WRITE_CALENDAR,feat_416
RequestedPermissionList_android.permission.WRITE_CONTACTS,feat_417
RequestedPermissionList_android.permission.WRITE_EXTERNAL_STORAGE,feat_418
RequestedPermissionList_android.permission.WRITE_SETTINGS,feat_419
RequestedPermissionList_android.permission.WRITE_SMS,feat_420
RequestedPermissionList_android.permission.WRITE_SYNC_SETTINGS,feat_421
RequestedPermissionList_com.anddoes.launcher.permission.UPDATE_COUNT,feat_422
RequestedPermissionList_com.android.alarm.permission.SET_ALARM,feat_423
RequestedPermissionList_com.android.browser.permission.READ_HISTORY_BOOKMARKS,feat_424
RequestedPermissionList_com.android.browser.permission.WRITE_HISTORY_BOOKMARKS,feat_425
RequestedPermissionList_com.android.launcher.permission.INSTALL_SHORTCUT,feat_426
RequestedPermissionList_com.android.launcher.permission.READ_SETTINGS,feat_427
RequestedPermissionList_com.android.launcher.permission.UNINSTALL_SHORTCUT,feat_428
RequestedPermissionList_com.android.launcher.permission.WRITE_SETTINGS,feat_429
RequestedPermissionList_com.android.vending.BILLING,feat_430
RequestedPermissionList_com.android.vending.CHECK_LICENSE,feat_431
RequestedPermissionList_com.applovin.array.apphub.permission.BIND_APPHUB_SERVICE,feat_432
RequestedPermissionList_com.asus.msa.SupplementaryDID.ACCESS,feat_433
RequestedPermissionList_com.coloros.mcs.permission.RECIEVE_MCS_MESSAGE,feat_434
RequestedPermissionList_com.google.android.c2dm.permission.RECEIVE,feat_435
RequestedPermissionList_com.google.android.finsky.permission.BIND_GET_INSTALL_REFERRER_SERVICE,feat_436
RequestedPermissionList_com.google.android.gms.permission.ACTIVITY_RECOGNITION,feat_437
RequestedPermissionList_com.google.android.gms.permission.AD_ID,feat_438
RequestedPermissionList_com.google.android.providers.gsf.permission.READ_GSERVICES,feat_439
RequestedPermissionList_com.htc.launcher.permission.READ_SETTINGS,feat_440
RequestedPermissionList_com.htc.launcher.permission.UPDATE_SHORTCUT,feat_441
RequestedPermissionList_com.huawei.android.launcher.permission.CHANGE_BADGE,feat_442
RequestedPermissionList_com.huawei.android.launcher.permission.READ_SETTINGS,feat_443
RequestedPermissionList_com.huawei.android.launcher.permission.WRITE_SETTINGS,feat_444
RequestedPermissionList_com.huawei.appmarket.service.commondata.permission.GET_COMMON_DATA,feat_445
RequestedPermissionList_com.majeur.launcher.permission.UPDATE_BADGE,feat_446
RequestedPermissionList_com.meizu.c2dm.permission.RECEIVE,feat_447
RequestedPermissionList_com.meizu.flyme.push.permission.RECEIVE,feat_448
RequestedPermissionList_com.oppo.launcher.permission.READ_SETTINGS,feat_449
RequestedPermissionList_com.oppo.launcher.permission.WRITE_SETTINGS,feat_450
RequestedPermissionList_com.sec.android.provider.badge.permission.READ,feat_451
RequestedPermissionList_com.sec.android.provider.badge.permission.WRITE,feat_452
RequestedPermissionList_com.sonyericsson.home.permission.BROADCAST_BADGE,feat_453
RequestedPermissionList_com.sonymobile.home.permission.PROVIDER_INSERT_BADGE,feat_454
RequestedPermissionList_me.everything.badger.permission.BADGE_COUNT_READ,feat_455
RequestedPermissionList_me.everything.badger.permission.BADGE_COUNT_WRITE,feat_456
RestrictedApiList_android.accounts.AccountManager.getAccounts,feat_457
RestrictedApiList_android.accounts.AccountManager.getAccountsByType,feat_458
RestrictedApiList_android.accounts.AccountManager.getAccountsByTypeAndFeatures,feat_459
RestrictedApiList_android.accounts.AccountManager.getAuthToken,feat_460
RestrictedApiList_android.accounts.AccountManager.hasFeatures,feat_461
RestrictedApiList_android.accounts.AccountManager.invalidateAuthToken,feat_462
RestrictedApiList_android.app.ActivityManager.getRunningTasks,feat_463
RestrictedApiList_android.app.ActivityManager.killBackgroundProcesses,feat_464
RestrictedApiList_android.app.DownloadManager.enqueue,feat_465
RestrictedApiList_android.app.NotificationManager.notify,feat_466
RestrictedApiList_android.app.WallpaperManager.setBitmap,feat_467
RestrictedApiList_android.bluetooth.BluetoothAdapter.cancelDiscovery,feat_468
RestrictedApiList_android.bluetooth.BluetoothAdapter.getAddress,feat_469
RestrictedApiList_android.bluetooth.BluetoothAdapter.getBondedDevices,feat_470
RestrictedApiList_android.bluetooth.BluetoothAdapter.getName,feat_471
RestrictedApiList_android.bluetooth.BluetoothAdapter.getProfileConnectionState,feat_472
RestrictedApiList_android.bluetooth.BluetoothAdapter.isEnabled,feat_473
RestrictedApiList_android.bluetooth.BluetoothAdapter.startDiscovery,feat_474
RestrictedApiList_android.bluetooth.BluetoothDevice.getBluetoothClass,feat_475
RestrictedApiList_android.bluetooth.BluetoothDevice.getBondState,feat_476
RestrictedApiList_android.bluetooth.BluetoothDevice.getName,feat_477
RestrictedApiList_android.hardware.Camera.open,feat_478
RestrictedApiList_android.location.LocationManager.addGpsStatusListener,feat_479
RestrictedApiList_android.location.LocationManager.getBestProvider,feat_480
RestrictedApiList_android.location.LocationManager.getLastKnownLocation,feat_481
RestrictedApiList_android.location.LocationManager.getProvider,feat_482
RestrictedApiList_android.location.LocationManager.getProviders,feat_483
RestrictedApiList_android.location.LocationManager.isProviderEnabled,feat_484
RestrictedApiList_android.location.LocationManager.requestLocationUpdates,feat_485
RestrictedApiList_android.location.LocationManager.requestSingleUpdate,feat_486
RestrictedApiList_android.media.AudioManager.isBluetoothA2dpOn,feat_487
RestrictedApiList_android.media.AudioManager.isWiredHeadsetOn,feat_488
RestrictedApiList_android.media.AudioManager.setMode,feat_489
RestrictedApiList_android.media.AudioManager.setSpeakerphoneOn,feat_490
RestrictedApiList_android.media.AudioManager.startBluetoothSco,feat_491
RestrictedApiList_android.media.AudioManager.stopBluetoothSco,feat_492
RestrictedApiList_android.media.AudioRecord.<init>,feat_493
RestrictedApiList_android.media.MediaPlayer.pause,feat_494
RestrictedApiList_android.media.MediaPlayer.release,feat_495
RestrictedApiList_android.media.MediaPlayer.reset,feat_496
RestrictedApiList_android.media.MediaPlayer.start,feat_497
RestrictedApiList_android.media.MediaPlayer.stop,feat_498
RestrictedApiList_android.media.MediaRecorder.setAudioSource,feat_499
RestrictedApiList_android.media.Ringtone.play,feat_500
RestrictedApiList_android.media.RingtoneManager.getRingtone,feat_501
RestrictedApiList_android.net.ConnectivityManager.getActiveNetworkInfo,feat_502
RestrictedApiList_android.net.ConnectivityManager.getNetworkInfo,feat_503
RestrictedApiList_android.net.ConnectivityManager.isActiveNetworkMetered,feat_504
RestrictedApiList_android.net.wifi.WifiManager.getConnectionInfo,feat_505
RestrictedApiList_android.net.wifi.WifiManager.getScanResults,feat_506
RestrictedApiList_android.net.wifi.WifiManager.isWifiEnabled,feat_507
RestrictedApiList_android.net.wifi.WifiManager.setWifiEnabled,feat_508
RestrictedApiList_android.net.wifi.WifiManager.startScan,feat_509
RestrictedApiList_android.os.PowerManager$WakeLock.acquire,feat_510
RestrictedApiList_android.os.PowerManager$WakeLock.release,feat_511
RestrictedApiList_android.os.Vibrator.cancel,feat_512
RestrictedApiList_android.os.Vibrator.vibrate,feat_513
RestrictedApiList_android.provider.Settings$System.getUriFor,feat_514
RestrictedApiList_android.provider.Settings$System.putInt,feat_515
RestrictedApiList_android.provider.Settings$System.putString,feat_516
RestrictedApiList_android.support.v4.net.ConnectivityManagerCompat$ConnectivityManagerCompatImpl.isActiveNetworkMetered,feat_517
RestrictedApiList_android.support.v4.net.ConnectivityManagerCompatGingerbread.isActiveNetworkMetered,feat_518
RestrictedApiList_android.support.v4.net.ConnectivityManagerCompatHoneycombMR2.isActiveNetworkMetered,feat_519
RestrictedApiList_android.support.v4.net.ConnectivityManagerCompatJellyBean.isActiveNetworkMetered,feat_520
RestrictedApiList_android.support.v4.view.accessibility.AccessibilityNodeProviderCompat.performAction,feat_521
RestrictedApiList_android.support.v4.view.accessibility.AccessibilityNodeProviderCompatJellyBean$AccessibilityNodeInfoBridge.performAction,feat_522
RestrictedApiList_android.telephony.SmsManager.sendTextMessage,feat_523
RestrictedApiList_android.telephony.TelephonyManager.getAllCellInfo,feat_524
RestrictedApiList_android.telephony.TelephonyManager.getCellLocation,feat_525
RestrictedApiList_android.telephony.TelephonyManager.getDeviceId,feat_526
RestrictedApiList_android.telephony.TelephonyManager.getLine1Number,feat_527
RestrictedApiList_android.telephony.TelephonyManager.getNeighboringCellInfo,feat_528
RestrictedApiList_android.telephony.TelephonyManager.getSimSerialNumber,feat_529
RestrictedApiList_android.telephony.TelephonyManager.getSubscriberId,feat_530
RestrictedApiList_android.telephony.TelephonyManager.listen,feat_531
RestrictedApiList_android.view.View.startDrag,feat_532
RestrictedApiList_android.widget.VideoView.pause,feat_533
RestrictedApiList_android.widget.VideoView.setVideoPath,feat_534
RestrictedApiList_android.widget.VideoView.setVideoURI,feat_535
RestrictedApiList_android.widget.VideoView.start,feat_536
RestrictedApiList_android.widget.VideoView.stopPlayback,feat_537
ServiceList_androidx.camera.core.impl.MetadataHolderService,feat_538
ServiceList_androidx.room.MultiInstanceInvalidationService,feat_539
ServiceList_androidx.work.impl.background.systemalarm.SystemAlarmService,feat_540
ServiceList_androidx.work.impl.background.systemjob.SystemJobService,feat_541
ServiceList_androidx.work.impl.foreground.SystemForegroundService,feat_542
ServiceList_cn.jpush.android.service.DaemonService,feat_543
ServiceList_cn.jpush.android.service.DownloadService,feat_544
ServiceList_cn.jpush.android.service.PushService,feat_545
ServiceList_com.amap.api.location.APSService,feat_546
ServiceList_com.applovin.impl.adview.activity.FullscreenAdService,feat_547
ServiceList_com.applovin.impl.sdk.utils.AppKilledService,feat_548
ServiceList_com.baidu.location.f,feat_549
ServiceList_com.bytedance.sdk.openadsdk.multipro.aidl.BinderPoolService,feat_550
ServiceList_com.google.android.datatransport.runtime.backends.TransportBackendDiscovery,feat_551
ServiceList_com.google.android.datatransport.runtime.scheduling.jobscheduling.JobInfoSchedulerService,feat_552
ServiceList_com.google.android.gms.ads.AdService,feat_553
ServiceList_com.google.android.gms.analytics.AnalyticsJobService,feat_554
ServiceList_com.google.android.gms.analytics.AnalyticsService,feat_555
ServiceList_com.google.android.gms.analytics.CampaignTrackingService,feat_556
ServiceList_com.google.android.gms.auth.api.signin.RevocationBoundService,feat_557
ServiceList_com.google.android.gms.cast.framework.ReconnectionService,feat_558
ServiceList_com.google.android.gms.cast.framework.media.MediaNotificationService,feat_559
ServiceList_com.google.android.gms.measurement.AppMeasurementJobService,feat_560
ServiceList_com.google.android.gms.measurement.AppMeasurementService,feat_561
ServiceList_com.google.android.gms.tagmanager.TagManagerService,feat_562
ServiceList_com.google.android.play.core.assetpacks.AssetPackExtractionService,feat_563
ServiceList_com.google.android.play.core.assetpacks.ExtractionForegroundService,feat_564
ServiceList_com.google.firebase.components.ComponentDiscoveryService,feat_565
ServiceList_com.google.firebase.iid.FirebaseInstanceIdService,feat_566
ServiceList_com.google.firebase.messaging.FirebaseMessagingService,feat_567
ServiceList_com.google.firebase.sessions.SessionLifecycleService,feat_568
ServiceList_com.google.mlkit.common.internal.MlKitComponentDiscoveryService,feat_569
ServiceList_com.huawei.agconnect.core.ServiceDiscovery,feat_570
ServiceList_com.huawei.hms.support.api.push.service.HmsMsgService,feat_571
ServiceList_com.igexin.sdk.PushService,feat_572
ServiceList_com.liulishuo.filedownloader.services.FileDownloadService$SeparateProcessService,feat_573
ServiceList_com.liulishuo.filedownloader.services.FileDownloadService$SharedMainProcessService,feat_574
ServiceList_com.meizu.cloud.pushsdk.NotificationService,feat_575
ServiceList_com.onesignal.FCMIntentJobService,feat_576
ServiceList_com.onesignal.FCMIntentService,feat_577
ServiceList_com.onesignal.GcmIntentJobService,feat_578
ServiceList_com.onesignal.GcmIntentService,feat_579
ServiceList_com.onesignal.HmsMessageServiceOneSignal,feat_580
ServiceList_com.onesignal.NotificationRestoreService,feat_581
ServiceList_com.onesignal.RestoreJobService,feat_582
ServiceList_com.onesignal.RestoreKickoffJobService,feat_583
ServiceList_com.onesignal.SyncJobService,feat_584
ServiceList_com.onesignal.SyncService,feat_585
ServiceList_com.qq.e.comm.DownloadService,feat_586
ServiceList_com.ss.android.socialbase.appdownloader.DownloadHandlerService,feat_587
ServiceList_com.ss.android.socialbase.downloader.downloader.DownloadService,feat_588
ServiceList_com.ss.android.socialbase.downloader.downloader.IndependentProcessDownloadService,feat_589
ServiceList_com.ss.android.socialbase.downloader.impls.DownloadHandleService,feat_590
ServiceList_com.ss.android.socialbase.downloader.notification.DownloadNotificationService,feat_591
ServiceList_com.taobao.accs.ChannelService,feat_592
ServiceList_com.taobao.accs.ChannelService$KernelService,feat_593
ServiceList_com.taobao.accs.data.MsgDistributeService,feat_594
ServiceList_com.taobao.accs.internal.AccsJobService,feat_595
ServiceList_com.tencent.bugly.beta.tinker.TinkerResultService,feat_596
ServiceList_com.umeng.message.UmengDownloadResourceService,feat_597
ServiceList_com.umeng.message.UmengIntentService,feat_598
ServiceList_com.umeng.message.UmengMessageCallbackHandlerService,feat_599
ServiceList_com.umeng.message.UmengMessageIntentReceiverService,feat_600
ServiceList_com.umeng.message.XiaomiIntentService,feat_601
ServiceList_com.vivo.push.sdk.service.CommandClientService,feat_602
ServiceList_com.xiaomi.mipush.sdk.MessageHandleService,feat_603
ServiceList_com.xiaomi.mipush.sdk.PushMessageHandler,feat_604
ServiceList_com.xiaomi.push.service.XMJobService,feat_605
ServiceList_com.xiaomi.push.service.XMPushService,feat_606
ServiceList_com.yandex.metrica.MetricaService,feat_607
ServiceList_io.flutter.plugins.firebase.messaging.FlutterFirebaseMessagingBackgroundService,feat_608
ServiceList_io.flutter.plugins.firebase.messaging.FlutterFirebaseMessagingService,feat_609
ServiceList_io.invertase.firebase.messaging.ReactNativeFirebaseMessagingHeadlessService,feat_610
ServiceList_io.invertase.firebase.messaging.ReactNativeFirebaseMessagingService,feat_611
ServiceList_org.android.agoo.accs.AgooService,feat_612
SuspiciousApiList_Landroid/app/Activity.getSystemService,feat_613
SuspiciousApiList_Landroid/app/Application.getSystemService,feat_614
SuspiciousApiList_Landroid/app/Service.getSystemService,feat_615
SuspiciousApiList_Landroid/content/Context.getSystemService,feat_616
SuspiciousApiList_Landroid/content/ContextWrapper.getSystemService,feat_617
SuspiciousApiList_Landroid/content/pm/PackageManager.getPackageInfo,feat_618
SuspiciousApiList_Landroid/net/wifi/WifiManager.getWifiState,feat_619
SuspiciousApiList_Landroid/net/wifi/WifiManager.setWifiEnabled,feat_620
SuspiciousApiList_Landroid/os/Environment.getExternalStorageDirectory,feat_621
SuspiciousApiList_Landroid/support/v4/app/FragmentActivity.getSystemService,feat_622
SuspiciousApiList_Landroid/telephony/SmsManager.sendTextMessage,feat_623
SuspiciousApiList_Landroid/telephony/SmsMessage;->getMessageBody,feat_624
SuspiciousApiList_Landroid/telephony/TelephonyManager.getDeviceId,feat_625
SuspiciousApiList_Landroid/telephony/TelephonyManager.getSimCountryIso,feat_626
SuspiciousApiList_Landroid/telephony/TelephonyManager.getSubscriberId,feat_627
SuspiciousApiList_Landroid/telephony/gsm/SmsManager.sendTextMessage,feat_628
SuspiciousApiList_Landroid/view/KeyEvent.getDeviceId,feat_629
SuspiciousApiList_Landroid/view/MotionEvent.getDeviceId,feat_630
SuspiciousApiList_Landroidx/appcompat/app/AppCompatActivity.getSystemService,feat_631
SuspiciousApiList_Landroidx/browser/trusted/TrustedWebActivityService.getSystemService,feat_632
SuspiciousApiList_Landroidx/core/app/AppOpsManagerCompat$Api23Impl.getSystemService,feat_633
SuspiciousApiList_Landroidx/core/app/AppOpsManagerCompat$Api29Impl.getSystemService,feat_634
SuspiciousApiList_Landroidx/core/content/ContextCompat$Api23Impl.getSystemService,feat_635
SuspiciousApiList_Landroidx/core/content/ContextCompat.getSystemService,feat_636
SuspiciousApiList_Landroidx/core/telephony/TelephonyManagerCompat$Api23Impl.getDeviceId,feat_637
SuspiciousApiList_Landroidx/fragment/app/FragmentActivity.getSystemService,feat_638
SuspiciousApiList_Landroidx/profileinstaller/ProfileVerifier$Api33Impl.getPackageInfo,feat_639
SuspiciousApiList_Ljava/io/IOException;->printStackTrace,feat_640
SuspiciousApiList_Ljava/lang/Runtime;->exec,feat_641
SuspiciousApiList_Lorg/apache/http/client/methods/HttpPost,feat_642
SuspiciousApiList_system/bin/su,feat_643
URLDomainList_a.admob.com,feat_644
URLDomainList_a.applovin.com,feat_645
URLDomainList_a.applvn.com,feat_646
URLDomainList_accounts.google.com,feat_647
URLDomainList_adc3-launch-staging.adcolony.com,feat_648
URLDomainList_adc3-launch.adcolony.com,feat_649
URLDomainList_admob-gmats.uc.r.appspot.com,feat_650
URLDomainList_ads.api.vungle.com,feat_651
URLDomainList_ads.flurry.com,feat_652
URLDomainList_ads.inmobi.com,feat_653
URLDomainList_ads.mp.mydas.mobi,feat_654
URLDomainList_adservice.google.com,feat_655
URLDomainList_alog.umeng.co,feat_656
URLDomainList_alog.umeng.com,feat_657
URLDomainList_android.bugly.qq.com,feat_658
URLDomainList_androidsdk.ads.mp.mydas.mobi,feat_659
URLDomainList_aomedia.org,feat_660
URLDomainList_apache.org,feat_661
URLDomainList_api.airpush.com,feat_662
URLDomainList_api.domob.cn,feat_663
URLDomainList_api.facebook.com,feat_664
URLDomainList_api.login.yahoo.com,feat_665
URLDomainList_api.map.baidu.com,feat_666
URLDomainList_api.onesignal.com,feat_667
URLDomainList_api.taboola.com,feat_668
URLDomainList_api.twitter.com,feat_669
URLDomainList_api.vungle.com,feat_670
URLDomainList_api.weibo.com,feat_671
URLDomainList_api.weixin.qq.com,feat_672
URLDomainList_api.whatsapp.com,feat_673
URLDomainList_api16-access-sg.pangle.io,feat_674
URLDomainList_api16-endcard-pack-sg.pangle.io,feat_675
URLDomainList_app-measurement.com,feat_676
URLDomainList_appsupport.qq.com,feat_677
URLDomainList_assets.applovin.com,feat_678
URLDomainList_badad.googleplex.com,feat_679
URLDomainList_beta.airpush.com,feat_680
URLDomainList_bit.ly,feat_681
URLDomainList_bnc.lt,feat_682
URLDomainList_c.isdspeed.qq.com,feat_683
URLDomainList_cdn.branch.io,feat_684
URLDomainList_cdn2.inner-active.mobi,feat_685
URLDomainList_cdnjs.cloudflare.com,feat_686
URLDomainList_cgi.connect.qq.com,feat_687
URLDomainList_cgi.qplus.com,feat_688
URLDomainList_chartboo.st,feat_689
URLDomainList_cipa.jp,feat_690
URLDomainList_cloud.google.com,feat_691
URLDomainList_cmnsguider.yunos.com,feat_692
URLDomainList_code.google.com,feat_693
URLDomainList_commons.apache.org,feat_694
URLDomainList_config.ads.vungle.com,feat_695
URLDomainList_config.inmobi.com,feat_696
URLDomainList_config.unityads.unity3d.com,feat_697
URLDomainList_config.unityads.unitychina.cn,feat_698
URLDomainList_connect.tapjoy.com,feat_699
URLDomainList_console.firebase.google.com,feat_700
URLDomainList_crash-metrics.sdk.inmobi.com,feat_701
URLDomainList_csi.gstatic.com,feat_702
URLDomainList_cvt.mydas.mobi,feat_703
URLDomainList_d.applovin.com,feat_704
URLDomainList_d.applvn.com,feat_705
URLDomainList_d1byvlfiet2h9q.cloudfront.net,feat_706
URLDomainList_daneden.me,feat_707
URLDomainList_dash.applovin.com,feat_708
URLDomainList_dashif.org,feat_709
URLDomainList_data.flurry.com,feat_710
URLDomainList_dev.twitter.com,feat_711
URLDomainList_developer.android.com,feat_712
URLDomainList_developer.apple.com,feat_713
URLDomainList_developers.facebook.com,feat_714
URLDomainList_developers.google.com,feat_715
URLDomainList_dock.inmobi.com,feat_716
URLDomainList_docs.google.com,feat_717
URLDomainList_docs.swmansion.com,feat_718
URLDomainList_e.admob.com,feat_719
URLDomainList_e.crashlytics.com,feat_720
URLDomainList_e.domob.cn,feat_721
URLDomainList_example.com,feat_722
URLDomainList_exoplayer.dev,feat_723
URLDomainList_fabric.io,feat_724
URLDomainList_facebook.com,feat_725
URLDomainList_fb.gg,feat_726
URLDomainList_feedback.whalecloud.com,feat_727
URLDomainList_firebase-settings.crashlytics.com,feat_728
URLDomainList_firebase.google.com,feat_729
URLDomainList_firebaseremoteconfig.googleapis.com,feat_730
URLDomainList_firebaseremoteconfigrealtime.googleapis.com,feat_731
URLDomainList_firebasestorage.googleapis.com,feat_732
URLDomainList_fundingchoicesmessages.google.com,feat_733
URLDomainList_fusion.qq.com,feat_734
URLDomainList_g.co,feat_735
URLDomainList_gist.github.com,feat_736
URLDomainList_git-wip-us.apache.org,feat_737
URLDomainList_github.com,feat_738
URLDomainList_goo.gl,feat_739
URLDomainList_goo.gle,feat_740
URLDomainList_google.com,feat_741
URLDomainList_google.github.io,feat_742
URLDomainList_googleads.g.doubleclick.net,feat_743
URLDomainList_googlemobileadssdk.page.link,feat_744
URLDomainList_graph.facebook.com,feat_745
URLDomainList_graph.qq.com,feat_746
URLDomainList_h5.m.taobao.com,feat_747
URLDomainList_i.l.inmobicdn.net,feat_748
URLDomainList_i.w.inmobi.com,feat_749
URLDomainList_imasdk.googleapis.com,feat_750
URLDomainList_img.applovin.com,feat_751
URLDomainList_img.youtube.com,feat_752
URLDomainList_info.startappservice.com,feat_753
URLDomainList_init.supersonicads.com,feat_754
URLDomainList_instagram.com,feat_755
URLDomainList_iptc.org,feat_756
URLDomainList_issuetracker.google.com,feat_757
URLDomainList_java.sun.com,feat_758
URLDomainList_lh6.ggpht.com,feat_759
URLDomainList_loc.map.baidu.com,feat_760
URLDomainList_log-mva.isnssdk.com,feat_761
URLDomainList_log.sgsnssdk.com,feat_762
URLDomainList_log.umsns.com,feat_763
URLDomainList_long.open.weixin.qq.com,feat_764
URLDomainList_loopj.com,feat_765
URLDomainList_m.alipay.com,feat_766
URLDomainList_m.facebook.com,feat_767
URLDomainList_m.google.com,feat_768
URLDomainList_m.stripe.com,feat_769
URLDomainList_maps.google.com,feat_770
URLDomainList_maps.googleapis.com,feat_771
URLDomainList_market.android.com,feat_772
URLDomainList_mcgw.alipay.com,feat_773
URLDomainList_mclient.alipay.com,feat_774
URLDomainList_media.admob.com,feat_775
URLDomainList_mobads.baidu.com,feat_776
URLDomainList_mobilecrashreporting.googleapis.com,feat_777
URLDomainList_mobilegw.alipay.com,feat_778
URLDomainList_monetization-support.applovin.com,feat_779
URLDomainList_ms.applovin.com,feat_780
URLDomainList_ms.applvn.com,feat_781
URLDomainList_mta.oa.com,feat_782
URLDomainList_mta.qq.com,feat_783
URLDomainList_ns.adobe.com,feat_784
URLDomainList_ns.useplus.org,feat_785
URLDomainList_oc.umeng.co,feat_786
URLDomainList_oc.umeng.com,feat_787
URLDomainList_onesignal.com,feat_788
URLDomainList_open.t.qq.com,feat_789
URLDomainList_open.weibo.cn,feat_790
URLDomainList_open.weixin.qq.com,feat_791
URLDomainList_openmobile.qq.com,feat_792
URLDomainList_opensource.org,feat_793
URLDomainList_outcome-arm-ext-med-ext.sonic-us.supersonicads.com,feat_794
URLDomainList_outcome-crash-report.supersonicads.com,feat_795
URLDomainList_outcome-ssp.supersonicads.com,feat_796
URLDomainList_p16-sign-sg.tiktokcdn.com,feat_797
URLDomainList_pagead2.googlesyndication.com,feat_798
URLDomainList_pdn.applovin.com,feat_799
URLDomainList_pingma.qq.com,feat_800
URLDomainList_pinterest.com,feat_801
URLDomainList_placements.tapjoy.com,feat_802
URLDomainList_play.google.com,feat_803
URLDomainList_player.vimeo.com,feat_804
URLDomainList_plus.google.com,feat_805
URLDomainList_proton.flurry.com,feat_806
URLDomainList_purl.org,feat_807
URLDomainList_px.moatads.com,feat_808
URLDomainList_qzs.qq.com,feat_809
URLDomainList_r.domob.cn,feat_810
URLDomainList_raw.githubusercontent.com,feat_811
URLDomainList_realm.io,feat_812
URLDomainList_reports.crashlytics.com,feat_813
URLDomainList_res.applovin.com,feat_814
URLDomainList_res1.applovin.com,feat_815
URLDomainList_res2.applovin.com,feat_816
URLDomainList_res3.applovin.com,feat_817
URLDomainList_rpc.tapjoy.com,feat_818
URLDomainList_rqd.uu.qq.com,feat_819
URLDomainList_rt.applovin.com,feat_820
URLDomainList_rt.applvn.com,feat_821
URLDomainList_s3.amazonaws.com,feat_822
URLDomainList_sb-ssl.google.com,feat_823
URLDomainList_scar.unityads.unity3d.com,feat_824
URLDomainList_schema.org,feat_825
URLDomainList_schemas.android.com,feat_826
URLDomainList_schemas.applovin.com,feat_827
URLDomainList_schemas.microsoft.com,feat_828
URLDomainList_schemas.xmlsoap.org,feat_829
URLDomainList_sdkm.w.inmobi.com,feat_830
URLDomainList_settings.crashlytics.com,feat_831
URLDomainList_sf16-scmcdn-sg.ibytedtos.com,feat_832
URLDomainList_sf16-static.i18n-pglstatp.com,feat_833
URLDomainList_sites.google.com,feat_834
URLDomainList_sitestream.twitter.com,feat_835
URLDomainList_ssl.google-analytics.com,feat_836
URLDomainList_ssl.gstatic.com,feat_837
URLDomainList_stackoverflow.com,feat_838
URLDomainList_stage-assets.applovin.com,feat_839
URLDomainList_stage-img.applovin.com,feat_840
URLDomainList_stage-pdn.applovin.com,feat_841
URLDomainList_stage-vid.applovin.com,feat_842
URLDomainList_startup.mobile.yandex.net,feat_843
URLDomainList_stream.twitter.com,feat_844
URLDomainList_stripe.com,feat_845
URLDomainList_support.google.com,feat_846
URLDomainList_support.twitter.com,feat_847
URLDomainList_tech.tapjoy.com,feat_848
URLDomainList_telemetry.sdk.inmobi.com,feat_849
URLDomainList_twitter.com,feat_850
URLDomainList_twitter4j.org,feat_851
URLDomainList_u.appl.vn,feat_852
URLDomainList_unif-id.ssp.inmobi.com,feat_853
URLDomainList_update.crashlytics.com,feat_854
URLDomainList_upload.twitter.com,feat_855
URLDomainList_userstream.twitter.com,feat_856
URLDomainList_vid.applovin.com,feat_857
URLDomainList_vimeo.com,feat_858
URLDomainList_vungle.com,feat_859
URLDomainList_wappaygw.alipay.com,feat_860
URLDomainList_wd.adcolony.com,feat_861
URLDomainList_whatwg.org,feat_862
URLDomainList_ws.tapjoyads.com,feat_863
URLDomainList_wspeed.qq.com,feat_864
URLDomainList_www.aiim.org,feat_865
URLDomainList_www.amazon.com,feat_866
URLDomainList_www.android.com,feat_867
URLDomainList_www.applovin.com,feat_868
URLDomainList_www.daisy.org,feat_869
URLDomainList_www.facebook.com,feat_870
URLDomainList_www.firebase.com,feat_871
URLDomainList_www.google-analytics.com,feat_872
URLDomainList_www.google.co.jp,feat_873
URLDomainList_www.google.com,feat_874
URLDomainList_www.googleadservices.com,feat_875
URLDomainList_www.googleapis.com,feat_876
URLDomainList_www.gstatic.com,feat_877
URLDomainList_www.idpf.org,feat_878
URLDomainList_www.inmobi.com,feat_879
URLDomainList_www.instagram.com,feat_880
URLDomainList_www.mopub.com,feat_881
URLDomainList_www.npes.org,feat_882
URLDomainList_www.openmobilealliance.org,feat_883
URLDomainList_www.pangleglobal.com,feat_884
URLDomainList_www.paypal.com,feat_885
URLDomainList_www.recaptcha.net,feat_886
URLDomainList_www.samsungapps.com,feat_887
URLDomainList_www.slf4j.org,feat_888
URLDomainList_www.supersonicads.com,feat_889
URLDomainList_www.umeng.co,feat_890
URLDomainList_www.umeng.com,feat_891
URLDomainList_www.w3.org,feat_892
URLDomainList_www.wireless-village.org,feat_893
URLDomainList_www.youtube.com,feat_894
URLDomainList_xml.apache.org,feat_895
URLDomainList_xml.org,feat_896
URLDomainList_xmlpull.org,feat_897
URLDomainList_z.moatads.com,feat_898
URLDomainList_zxing.appspot.com,feat_899
UsedPermissionsList_android.permission.ACCESS_FINE_LOCATION,feat_900
UsedPermissionsList_android.permission.ACCESS_NETWORK_STATE,feat_901
UsedPermissionsList_android.permission.ACCESS_WIFI_STATE,feat_902
UsedPermissionsList_android.permission.AUTHENTICATE_ACCOUNTS,feat_903
UsedPermissionsList_android.permission.BLUETOOTH,feat_904
UsedPermissionsList_android.permission.BLUETOOTH_ADMIN,feat_905
UsedPermissionsList_android.permission.CAMERA,feat_906
UsedPermissionsList_android.permission.CHANGE_WIFI_STATE,feat_907
UsedPermissionsList_android.permission.DISABLE_KEYGUARD,feat_908
UsedPermissionsList_android.permission.GET_ACCOUNTS,feat_909
UsedPermissionsList_android.permission.GET_TASKS,feat_910
UsedPermissionsList_android.permission.INTERNET,feat_911
UsedPermissionsList_android.permission.MODIFY_AUDIO_SETTINGS,feat_912
UsedPermissionsList_android.permission.NFC,feat_913
UsedPermissionsList_android.permission.READ_PHONE_STATE,feat_914
UsedPermissionsList_android.permission.RECORD_AUDIO,feat_915
UsedPermissionsList_android.permission.RESTART_PACKAGES,feat_916
UsedPermissionsList_android.permission.SEND_SMS,feat_917
UsedPermissionsList_android.permission.SET_WALLPAPER,feat_918
UsedPermissionsList_android.permission.USE_CREDENTIALS,feat_919
UsedPermissionsList_android.permission.VIBRATE,feat_920
UsedPermissionsList_android.permission.WAKE_LOCK,feat_921
UsedPermissionsList_android.permission.WRITE_CONTACTS,feat_922
UsedPermissionsList_android.permission.WRITE_EXTERNAL_STORAGE,feat_923
UsedPermissionsList_android.permission.WRITE_SETTINGS,feat_924
